sectionList,sectionLength
0,1.0
1,3.0
2,24.0
3,74.0
4,24.0
5,3.0
6,1.0
7,3.0
8,24.0
9,74.0
10,24.0
11,3.0
12,1.0
13,3.0
14,24.0
15,74.0
16,24.0
17,3.0
18,1.0
19,3.0
20,24.0
21,74.0
22,24.0
23,3.0
24,1.0
25,3.0
26,24.0
27,74.0
28,24.0
29,3.0
30,1.0
31,3.0
32,24.0
33,74.0
34,24.0
35,3.0
36,1.0
37,3.0
38,24.0
39,74.0
40,24.0
41,3.0
42,1.0
43,3.0
44,24.0
45,74.0
46,24.0
47,3.0
48,1.0
49,3.0
50,24.0
51,74.0
52,24.0
53,3.0
54,1.0
55,3.0
56,24.0
57,74.0
58,24.0
59,3.0
60,1.0
61,3.0
62,24.0
63,74.0
64,24.0
65,3.0
66,1.0
67,3.0
68,24.0
69,74.0
70,24.0
71,3.0
72,1.0
73,3.0
74,24.0
75,74.0
76,24.0
77,3.0
78,1.0
79,3.0
80,24.0
81,74.0
82,24.0
83,3.0
84,1.0
85,3.0
86,24.0
87,74.0
88,24.0
89,3.0
90,1.0
91,3.0
92,24.0
93,74.0
94,24.0
95,3.0
96,1.0
97,3.0
98,24.0
99,74.0
100,24.0
101,3.0
102,1.0
103,3.0
104,24.0
105,74.0
106,24.0
107,3.0
108,1.0
109,3.0
110,24.0
111,74.0
112,24.0
113,3.0
114,1.0
115,3.0
116,24.0
117,74.0
118,24.0
119,3.0
120,1.0
121,3.0
122,24.0
123,74.0
124,24.0
125,3.0
126,1.0
127,3.0
128,24.0
129,74.0
130,24.0
131,3.0
132,1.0
133,3.0
134,24.0
135,74.0
136,24.0
137,3.0
138,1.0
139,3.0
140,24.0
141,74.0
142,24.0
143,3.0
144,1.0
145,3.0
146,24.0
147,74.0
148,24.0
149,3.0
150,1.0
151,3.0
152,24.0
153,74.0
154,24.0
155,3.0
156,1.0
157,3.0
158,24.0
159,74.0
160,24.0
161,3.0
162,1.0
163,3.0
164,24.0
165,74.0
166,24.0
167,3.0
168,1.0
169,3.0
170,24.0
171,74.0
172,24.0
173,3.0
174,1.0
175,3.0
176,24.0
177,74.0
178,24.0
179,3.0
180,1.0
181,3.0
182,24.0
183,74.0
184,24.0
185,3.0
186,1.0
187,3.0
188,24.0
189,74.0
190,24.0
191,3.0
192,1.0
193,3.0
194,24.0
195,74.0
196,24.0
197,3.0
198,1.0
199,3.0
200,24.0
201,74.0
202,24.0
203,3.0
204,1.0
205,3.0
206,24.0
207,74.0
208,24.0
209,3.0
210,1.0
211,3.0
212,24.0
213,74.0
214,24.0
215,3.0
216,1.0
217,3.0
218,24.0
219,74.0
220,24.0
221,3.0
222,1.0
223,3.0
224,24.0
225,74.0
226,24.0
227,3.0
228,1.0
229,3.0
230,24.0
231,74.0
232,24.0
233,3.0
234,1.0
235,3.0
236,24.0
237,74.0
238,24.0
239,3.0
240,1.0
241,3.0
242,24.0
243,74.0
244,24.0
245,3.0
246,1.0
247,3.0
248,24.0
249,74.0
250,24.0
251,3.0
252,1.0
253,3.0
254,24.0
255,74.0
256,24.0
257,3.0
258,1.0
259,3.0
260,24.0
261,74.0
262,24.0
263,3.0
264,1.0
265,3.0
266,24.0
267,74.0
268,24.0
269,3.0
270,1.0
271,3.0
272,24.0
273,74.0
274,24.0
275,3.0
276,1.0
277,3.0
278,24.0
279,74.0
280,24.0
281,3.0
282,1.0
283,3.0
284,24.0
285,74.0
286,24.0
287,3.0
288,1.0
289,3.0
290,24.0
291,74.0
292,24.0
293,3.0
294,1.0
295,3.0
296,24.0
297,74.0
298,24.0
299,3.0
300,1.0
301,3.0
302,24.0
303,74.0
304,24.0
305,3.0
306,1.0
307,3.0
308,24.0
309,74.0
310,24.0
311,3.0
312,1.0
313,3.0
314,24.0
315,74.0
316,24.0
317,3.0
318,1.0
319,3.0
320,24.0
321,74.0
322,24.0
323,3.0
324,1.0
325,3.0
326,24.0
327,74.0
328,24.0
329,3.0
330,1.0
331,3.0
332,24.0
333,74.0
334,24.0
335,3.0
336,1.0
337,3.0
338,24.0
339,74.0
340,24.0
341,3.0
342,1.0
343,3.0
344,24.0
345,74.0
346,24.0
347,3.0
348,1.0
349,3.0
350,24.0
351,74.0
352,24.0
353,3.0
354,1.0
355,3.0
356,24.0
357,74.0
358,24.0
359,3.0
360,1.0
361,3.0
362,24.0
363,74.0
364,24.0
365,3.0
366,1.0
367,3.0
368,24.0
369,74.0
370,24.0
371,3.0
372,1.0
373,3.0
374,24.0
375,74.0
376,24.0
377,3.0
378,1.0
379,3.0
380,24.0
381,74.0
382,24.0
383,3.0
384,1.0
385,3.0
386,24.0
387,74.0
388,24.0
389,3.0
390,1.0
391,3.0
392,24.0
393,74.0
394,24.0
395,3.0
396,1.0
397,3.0
398,24.0
399,74.0
400,24.0
401,3.0
402,1.0
403,3.0
404,24.0
405,74.0
406,24.0
407,3.0
408,1.0
409,3.0
410,24.0
411,74.0
412,24.0
413,3.0
414,1.0
415,3.0
416,24.0
417,74.0
418,24.0
419,3.0
420,1.0
421,3.0
422,24.0
423,74.0
424,24.0
425,3.0
426,1.0
427,3.0
428,24.0
429,74.0
430,24.0
431,3.0
432,1.0
433,3.0
434,24.0
435,74.0
436,24.0
437,3.0
438,1.0
439,3.0
440,24.0
441,74.0
442,24.0
443,3.0
444,1.0
445,3.0
446,24.0
447,74.0
448,24.0
449,3.0
450,1.0
451,3.0
452,24.0
453,74.0
454,24.0
455,3.0
456,1.0
457,3.0
458,24.0
459,74.0
460,24.0
461,3.0
462,1.0
463,3.0
464,24.0
465,74.0
466,24.0
467,3.0
468,1.0
469,3.0
470,24.0
471,74.0
472,24.0
473,3.0
474,1.0
475,3.0
476,24.0
477,74.0
478,24.0
479,3.0
480,1.0
481,3.0
482,24.0
483,74.0
484,24.0
485,3.0
486,1.0
487,3.0
488,24.0
489,74.0
490,24.0
491,3.0
492,1.0
493,3.0
494,24.0
495,74.0
496,24.0
497,3.0
498,1.0
499,3.0
500,24.0
501,74.0
502,24.0
503,3.0
504,1.0
505,3.0
506,24.0
507,74.0
508,24.0
509,3.0
510,1.0
511,3.0
512,24.0
513,74.0
514,24.0
515,3.0
516,1.0
517,3.0
518,24.0
519,74.0
520,24.0
521,3.0
522,1.0
523,3.0
524,24.0
525,74.0
526,24.0
527,3.0
528,1.0
529,3.0
530,24.0
531,74.0
532,24.0
533,3.0
534,1.0
535,3.0
536,24.0
537,74.0
538,24.0
539,3.0
540,1.0
541,3.0
542,24.0
543,74.0
544,24.0
545,3.0
546,1.0
547,3.0
548,24.0
549,74.0
550,24.0
551,3.0
552,1.0
553,3.0
554,24.0
555,74.0
556,24.0
557,3.0
558,1.0
559,3.0
560,24.0
561,74.0
562,24.0
563,3.0
564,1.0
565,3.0
566,24.0
567,74.0
568,24.0
569,3.0
570,1.0
571,3.0
572,24.0
573,74.0
574,24.0
575,3.0
576,1.0
577,3.0
578,24.0
579,74.0
580,24.0
581,3.0
582,1.0
583,3.0
584,24.0
585,74.0
586,24.0
587,3.0
588,1.0
589,3.0
590,24.0
591,74.0
592,24.0
593,3.0
594,1.0
595,3.0
596,24.0
597,74.0
598,24.0
599,3.0
600,1.0
601,3.0
602,24.0
603,74.0
604,24.0
605,3.0
606,1.0
607,3.0
608,24.0
609,74.0
610,24.0
611,3.0
612,1.0
613,3.0
614,24.0
615,74.0
616,24.0
617,3.0
618,1.0
619,3.0
620,24.0
621,74.0
622,24.0
623,3.0
624,1.0
625,3.0
626,24.0
627,74.0
628,24.0
629,3.0
630,1.0
631,3.0
632,24.0
633,74.0
634,24.0
635,3.0
636,1.0
637,3.0
638,24.0
639,74.0
640,24.0
641,3.0
642,1.0
643,3.0
644,24.0
645,74.0
646,24.0
647,3.0
648,1.0
649,3.0
650,24.0
651,74.0
652,24.0
653,3.0
654,1.0
655,3.0
656,24.0
657,74.0
658,24.0
659,3.0
660,1.0
661,3.0
662,24.0
663,74.0
664,24.0
665,3.0
666,1.0
667,3.0
668,24.0
669,74.0
670,24.0
671,3.0
672,1.0
673,3.0
674,24.0
675,74.0
676,24.0
677,3.0
678,1.0
679,3.0
680,24.0
681,74.0
682,24.0
683,3.0
684,1.0
685,3.0
686,24.0
687,74.0
688,24.0
689,3.0
690,1.0
691,3.0
692,24.0
693,74.0
694,24.0
695,3.0
696,1.0
697,3.0
698,24.0
699,74.0
700,24.0
701,3.0
702,1.0
703,3.0
704,24.0
705,74.0
706,24.0
707,3.0
708,1.0
709,3.0
710,24.0
711,74.0
712,24.0
713,3.0
714,1.0
715,3.0
716,24.0
717,74.0
718,24.0
719,3.0
720,1.0
721,3.0
722,24.0
723,74.0
724,24.0
725,3.0
726,1.0
727,3.0
728,24.0
729,74.0
730,24.0
731,3.0
732,1.0
733,3.0
734,24.0
735,74.0
736,24.0
737,3.0
738,1.0
739,3.0
740,24.0
741,74.0
742,24.0
743,3.0
744,1.0
745,3.0
746,24.0
747,74.0
748,24.0
749,3.0
750,1.0
751,3.0
752,24.0
753,74.0
754,24.0
755,3.0
756,1.0
757,3.0
758,24.0
759,74.0
760,24.0
761,3.0
762,1.0
763,3.0
764,24.0
765,74.0
766,24.0
767,3.0
768,1.0
769,3.0
770,24.0
771,74.0
772,24.0
773,3.0
774,1.0
775,3.0
776,24.0
777,74.0
778,24.0
779,3.0
780,1.0
781,3.0
782,24.0
783,74.0
784,24.0
785,3.0
786,1.0
787,3.0
788,24.0
789,74.0
790,24.0
791,3.0
792,1.0
793,3.0
794,24.0
795,74.0
796,24.0
797,3.0
798,1.0
799,3.0
800,24.0
801,74.0
802,24.0
803,3.0
804,1.0
805,3.0
806,24.0
807,74.0
808,24.0
809,3.0
810,1.0
811,3.0
812,24.0
813,74.0
814,24.0
815,3.0
816,1.0
817,3.0
818,24.0
819,74.0
820,24.0
821,3.0
822,1.0
823,3.0
824,24.0
825,74.0
826,24.0
827,3.0
828,1.0
829,3.0
830,24.0
831,74.0
832,24.0
833,3.0
834,1.0
835,3.0
836,24.0
837,74.0
838,24.0
839,3.0
840,1.0
841,3.0
842,24.0
843,74.0
844,24.0
845,3.0
846,1.0
847,3.0
848,24.0
849,74.0
850,24.0
851,3.0
852,1.0
853,3.0
854,24.0
855,74.0
856,24.0
857,3.0
858,1.0
859,3.0
860,24.0
861,74.0
862,24.0
863,3.0
864,1.0
865,3.0
866,24.0
867,74.0
868,24.0
869,3.0
870,1.0
871,3.0
872,24.0
873,74.0
874,24.0
875,3.0
876,1.0
877,3.0
878,24.0
879,74.0
880,24.0
881,3.0
882,1.0
883,3.0
884,24.0
885,74.0
886,24.0
887,3.0
888,1.0
889,3.0
890,24.0
891,74.0
892,24.0
893,3.0
894,1.0
895,3.0
896,24.0
897,74.0
898,24.0
899,3.0
900,1.0
901,3.0
902,24.0
903,74.0
904,24.0
905,3.0
906,1.0
907,3.0
908,24.0
909,74.0
910,24.0
911,3.0
912,1.0
913,3.0
914,24.0
915,74.0
916,24.0
917,3.0
918,1.0
919,3.0
920,24.0
921,74.0
922,24.0
923,3.0
924,1.0
925,3.0
926,24.0
927,74.0
928,24.0
929,3.0
930,1.0
931,3.0
932,24.0
933,74.0
934,24.0
935,3.0
936,1.0
937,3.0
938,24.0
939,74.0
940,24.0
941,3.0
942,1.0
943,3.0
944,24.0
945,74.0
946,24.0
947,3.0
948,1.0
949,3.0
950,24.0
951,74.0
952,24.0
953,3.0
954,1.0
955,3.0
956,24.0
957,74.0
958,24.0
959,3.0
960,1.0
961,3.0
962,24.0
963,74.0
964,24.0
965,3.0
966,1.0
967,3.0
968,24.0
969,74.0
970,24.0
971,3.0
972,1.0
973,3.0
974,24.0
975,74.0
976,24.0
977,3.0
978,1.0
979,3.0
980,24.0
981,74.0
982,24.0
983,3.0
984,1.0
985,3.0
986,24.0
987,74.0
988,24.0
989,3.0
990,1.0
991,3.0
992,24.0
993,74.0
994,24.0
995,3.0
996,1.0
997,3.0
998,24.0
999,74.0
1000,24.0
1001,3.0
1002,1.0
1003,3.0
1004,24.0
1005,74.0
1006,24.0
1007,3.0
1008,1.0
1009,3.0
1010,24.0
1011,74.0
1012,24.0
1013,3.0
1014,1.0
1015,3.0
1016,24.0
1017,74.0
1018,24.0
1019,3.0
1020,1.0
1021,3.0
1022,24.0
1023,74.0
1024,24.0
1025,3.0
1026,1.0
1027,3.0
1028,24.0
1029,74.0
1030,24.0
1031,3.0
1032,1.0
1033,3.0
1034,24.0
1035,74.0
1036,24.0
1037,3.0
1038,1.0
1039,3.0
1040,24.0
1041,74.0
1042,24.0
1043,3.0
1044,1.0
1045,3.0
1046,24.0
1047,74.0
1048,24.0
1049,3.0
1050,1.0
1051,3.0
1052,24.0
1053,74.0
1054,24.0
1055,3.0
1056,1.0
1057,3.0
1058,24.0
1059,74.0
1060,24.0
1061,3.0
1062,1.0
1063,3.0
1064,24.0
1065,74.0
1066,24.0
1067,3.0
1068,1.0
1069,3.0
1070,24.0
1071,74.0
1072,24.0
1073,3.0
1074,1.0
1075,3.0
1076,24.0
1077,74.0
1078,24.0
1079,3.0
1080,1.0
1081,3.0
1082,24.0
1083,74.0
1084,24.0
1085,3.0
1086,1.0
1087,3.0
1088,24.0
1089,74.0
1090,24.0
1091,3.0
1092,1.0
1093,3.0
1094,24.0
1095,74.0
1096,24.0
1097,3.0
1098,1.0
1099,3.0
1100,24.0
1101,74.0
1102,24.0
1103,3.0
1104,1.0
1105,3.0
1106,24.0
1107,74.0
1108,24.0
1109,3.0
1110,1.0
1111,3.0
1112,24.0
1113,74.0
1114,24.0
1115,3.0
1116,1.0
1117,3.0
1118,24.0
1119,74.0
1120,24.0
1121,3.0
1122,1.0
1123,3.0
1124,24.0
1125,74.0
1126,24.0
1127,3.0
1128,1.0
1129,3.0
1130,24.0
1131,74.0
1132,24.0
1133,3.0
1134,1.0
1135,3.0
1136,24.0
1137,74.0
1138,24.0
1139,3.0
1140,1.0
1141,3.0
1142,24.0
1143,74.0
1144,24.0
1145,3.0
1146,1.0
1147,3.0
1148,24.0
1149,74.0
1150,24.0
1151,3.0
1152,1.0
1153,3.0
1154,24.0
1155,74.0
1156,24.0
1157,3.0
1158,1.0
1159,3.0
1160,24.0
1161,74.0
1162,24.0
1163,3.0
1164,1.0
1165,3.0
1166,24.0
1167,74.0
1168,24.0
1169,3.0
1170,1.0
1171,3.0
1172,24.0
1173,74.0
1174,24.0
1175,3.0
1176,1.0
1177,3.0
1178,24.0
1179,74.0
1180,24.0
1181,3.0
1182,1.0
1183,3.0
1184,24.0
1185,74.0
1186,24.0
1187,3.0
1188,1.0
1189,3.0
1190,24.0
1191,74.0
1192,24.0
1193,3.0
1194,1.0
1195,3.0
1196,24.0
1197,74.0
1198,24.0
1199,3.0
1200,1.0
1201,3.0
1202,24.0
1203,74.0
1204,24.0
1205,3.0
1206,1.0
1207,3.0
1208,24.0
1209,74.0
1210,24.0
1211,3.0
1212,1.0
1213,3.0
1214,24.0
1215,74.0
1216,24.0
1217,3.0
1218,1.0
1219,3.0
1220,24.0
1221,74.0
1222,24.0
1223,3.0
1224,1.0
1225,3.0
1226,24.0
1227,74.0
1228,24.0
1229,3.0
1230,1.0
1231,3.0
1232,24.0
1233,74.0
1234,24.0
1235,3.0
1236,1.0
1237,3.0
1238,24.0
1239,74.0
1240,24.0
1241,3.0
1242,1.0
1243,3.0
1244,24.0
1245,74.0
1246,24.0
1247,3.0
1248,1.0
1249,3.0
1250,24.0
1251,74.0
1252,24.0
1253,3.0
1254,1.0
1255,3.0
1256,24.0
1257,74.0
1258,24.0
1259,3.0
1260,1.0
1261,3.0
1262,24.0
1263,74.0
1264,24.0
1265,3.0
1266,1.0
1267,3.0
1268,24.0
1269,74.0
1270,24.0
1271,3.0
1272,1.0
1273,3.0
1274,24.0
1275,74.0
1276,24.0
1277,3.0
1278,1.0
1279,3.0
1280,24.0
1281,74.0
1282,24.0
1283,3.0
1284,1.0
1285,3.0
1286,24.0
1287,74.0
1288,24.0
1289,3.0
1290,1.0
1291,3.0
1292,24.0
1293,74.0
1294,24.0
1295,3.0
1296,1.0
1297,3.0
1298,24.0
1299,74.0
1300,24.0
1301,3.0
1302,1.0
1303,3.0
1304,24.0
1305,74.0
1306,24.0
1307,3.0
1308,1.0
1309,3.0
1310,24.0
1311,74.0
1312,24.0
1313,3.0
1314,1.0
1315,3.0
1316,24.0
1317,74.0
1318,24.0
1319,3.0
1320,1.0
1321,3.0
1322,24.0
1323,74.0
1324,24.0
1325,3.0
1326,1.0
1327,3.0
1328,24.0
1329,74.0
1330,24.0
1331,3.0
1332,1.0
1333,3.0
1334,24.0
1335,74.0
1336,24.0
1337,3.0
1338,1.0
1339,3.0
1340,24.0
1341,74.0
1342,24.0
1343,3.0
1344,1.0
1345,3.0
1346,24.0
1347,74.0
1348,24.0
1349,3.0
1350,1.0
1351,3.0
1352,24.0
1353,74.0
1354,24.0
1355,3.0
1356,1.0
1357,3.0
1358,24.0
1359,74.0
1360,24.0
1361,3.0
1362,1.0
1363,3.0
1364,24.0
1365,74.0
1366,24.0
1367,3.0
1368,1.0
1369,3.0
1370,24.0
1371,74.0
1372,24.0
1373,3.0
1374,1.0
1375,3.0
1376,24.0
1377,74.0
1378,24.0
1379,3.0
1380,1.0
1381,3.0
1382,24.0
1383,74.0
1384,24.0
1385,3.0
1386,1.0
1387,3.0
1388,24.0
1389,74.0
1390,24.0
1391,3.0
1392,1.0
1393,3.0
1394,24.0
1395,74.0
1396,24.0
1397,3.0
1398,1.0
1399,3.0
1400,24.0
1401,74.0
1402,24.0
1403,3.0
1404,1.0
1405,3.0
1406,24.0
1407,74.0
1408,24.0
1409,3.0
1410,1.0
1411,3.0
1412,24.0
1413,74.0
1414,24.0
1415,3.0
1416,1.0
1417,3.0
1418,24.0
1419,74.0
1420,24.0
1421,3.0
1422,1.0
1423,3.0
1424,24.0
1425,74.0
1426,24.0
1427,3.0
1428,1.0
1429,3.0
1430,24.0
1431,74.0
1432,24.0
1433,3.0
1434,1.0
1435,3.0
1436,24.0
1437,74.0
1438,24.0
1439,3.0
1440,1.0
1441,3.0
1442,24.0
1443,74.0
1444,24.0
1445,3.0
1446,1.0
1447,3.0
1448,24.0
1449,74.0
1450,24.0
1451,3.0
1452,1.0
1453,3.0
1454,24.0
1455,74.0
1456,24.0
1457,3.0
1458,1.0
1459,3.0
1460,24.0
1461,74.0
1462,24.0
1463,3.0
1464,1.0
1465,3.0
1466,24.0
1467,74.0
1468,24.0
1469,3.0
1470,1.0
1471,3.0
1472,24.0
1473,74.0
1474,24.0
1475,3.0
1476,1.0
1477,3.0
1478,24.0
1479,74.0
1480,24.0
1481,3.0
1482,1.0
1483,3.0
1484,24.0
1485,74.0
1486,24.0
1487,3.0
1488,1.0
1489,3.0
1490,24.0
1491,74.0
1492,24.0
1493,3.0
1494,1.0
1495,3.0
1496,24.0
1497,74.0
1498,24.0
1499,3.0
1500,1.0
1501,3.0
1502,24.0
1503,74.0
1504,24.0
1505,3.0
1506,1.0
1507,3.0
1508,24.0
1509,74.0
1510,24.0
1511,3.0
1512,1.0
1513,3.0
1514,24.0
1515,74.0
1516,24.0
1517,3.0
1518,1.0
1519,3.0
1520,24.0
1521,74.0
1522,24.0
1523,3.0
1524,1.0
1525,3.0
1526,24.0
1527,74.0
1528,24.0
1529,3.0
1530,1.0
1531,3.0
1532,24.0
1533,74.0
1534,24.0
1535,3.0
1536,1.0
1537,3.0
1538,24.0
1539,74.0
1540,24.0
1541,3.0
1542,1.0
1543,3.0
1544,24.0
1545,74.0
1546,24.0
1547,3.0
1548,1.0
1549,3.0
1550,24.0
1551,74.0
1552,24.0
1553,3.0
1554,1.0
1555,3.0
1556,24.0
1557,74.0
1558,24.0
1559,3.0
1560,1.0
1561,3.0
1562,24.0
1563,74.0
1564,24.0
1565,3.0
1566,1.0
1567,3.0
1568,24.0
1569,74.0
1570,24.0
1571,3.0
1572,1.0
1573,3.0
1574,24.0
1575,74.0
1576,24.0
1577,3.0
1578,1.0
1579,3.0
1580,24.0
1581,74.0
1582,24.0
1583,3.0
1584,1.0
1585,3.0
1586,24.0
1587,74.0
1588,24.0
1589,3.0
1590,1.0
1591,3.0
1592,24.0
1593,74.0
1594,24.0
1595,3.0
1596,1.0
1597,3.0
1598,24.0
1599,74.0
1600,24.0
1601,3.0
1602,1.0
1603,3.0
1604,24.0
1605,74.0
1606,24.0
1607,3.0
1608,1.0
1609,3.0
1610,24.0
1611,74.0
1612,24.0
1613,3.0
1614,1.0
1615,3.0
1616,24.0
1617,74.0
1618,24.0
1619,3.0
1620,1.0
1621,3.0
1622,24.0
1623,74.0
1624,24.0
1625,3.0
1626,1.0
1627,3.0
1628,24.0
1629,74.0
1630,24.0
1631,3.0
1632,1.0
1633,3.0
1634,24.0
1635,74.0
1636,24.0
1637,3.0
1638,1.0
1639,3.0
1640,24.0
1641,74.0
1642,24.0
1643,3.0
1644,1.0
1645,3.0
1646,24.0
1647,74.0
1648,24.0
1649,3.0
1650,1.0
1651,3.0
1652,24.0
1653,74.0
1654,24.0
1655,3.0
1656,1.0
1657,3.0
1658,24.0
1659,74.0
1660,24.0
1661,3.0
1662,1.0
1663,3.0
1664,24.0
1665,74.0
1666,24.0
1667,3.0
1668,1.0
1669,3.0
1670,24.0
1671,74.0
1672,24.0
1673,3.0
1674,1.0
1675,3.0
1676,24.0
1677,74.0
1678,24.0
1679,3.0
1680,1.0
1681,3.0
1682,24.0
1683,74.0
1684,24.0
1685,3.0
1686,1.0
1687,3.0
1688,24.0
1689,74.0
1690,24.0
1691,3.0
1692,1.0
1693,3.0
1694,24.0
1695,74.0
1696,24.0
1697,3.0
1698,1.0
1699,3.0
1700,24.0
1701,74.0
1702,24.0
1703,3.0
1704,1.0
1705,3.0
1706,24.0
1707,74.0
1708,24.0
1709,3.0
1710,1.0
1711,3.0
1712,24.0
1713,74.0
1714,24.0
1715,3.0
1716,1.0
1717,3.0
1718,24.0
1719,74.0
1720,24.0
1721,3.0
1722,1.0
1723,3.0
1724,24.0
1725,74.0
1726,24.0
1727,3.0
1728,1.0
1729,3.0
1730,24.0
1731,74.0
1732,24.0
1733,3.0
1734,1.0
1735,3.0
1736,24.0
1737,74.0
1738,24.0
1739,3.0
1740,1.0
1741,3.0
1742,24.0
1743,74.0
1744,24.0
1745,3.0
1746,1.0
1747,3.0
1748,24.0
1749,74.0
1750,24.0
1751,3.0
1752,1.0
1753,3.0
1754,24.0
1755,74.0
1756,24.0
1757,3.0
1758,1.0
1759,3.0
1760,24.0
1761,74.0
1762,24.0
1763,3.0
1764,1.0
1765,3.0
1766,24.0
1767,74.0
1768,24.0
1769,3.0
1770,1.0
1771,3.0
1772,24.0
1773,74.0
1774,24.0
1775,3.0
1776,1.0
1777,3.0
1778,24.0
1779,74.0
1780,24.0
1781,3.0
1782,1.0
1783,3.0
1784,24.0
1785,74.0
1786,24.0
1787,3.0
1788,1.0
1789,3.0
1790,24.0
1791,74.0
1792,24.0
1793,3.0
1794,1.0
1795,3.0
1796,24.0
1797,74.0
1798,24.0
1799,3.0
1800,1.0
1801,3.0
1802,24.0
1803,74.0
1804,24.0
1805,3.0
1806,1.0
1807,3.0
1808,24.0
1809,74.0
1810,24.0
1811,3.0
1812,1.0
1813,3.0
1814,24.0
1815,74.0
1816,24.0
1817,3.0
1818,1.0
1819,3.0
1820,24.0
1821,74.0
1822,24.0
1823,3.0
1824,1.0
1825,3.0
1826,24.0
1827,74.0
1828,24.0
1829,3.0
1830,1.0
1831,3.0
1832,24.0
1833,74.0
1834,24.0
1835,3.0
1836,1.0
1837,3.0
1838,24.0
1839,74.0
1840,24.0
1841,3.0
1842,1.0
1843,3.0
1844,24.0
1845,74.0
1846,24.0
1847,3.0
1848,1.0
1849,3.0
1850,24.0
1851,74.0
1852,24.0
1853,3.0
1854,1.0
1855,3.0
1856,24.0
1857,74.0
1858,24.0
1859,3.0
1860,1.0
1861,3.0
1862,24.0
1863,74.0
1864,24.0
1865,3.0
1866,1.0
1867,3.0
1868,24.0
1869,74.0
1870,24.0
1871,3.0
1872,1.0
1873,3.0
1874,24.0
1875,74.0
1876,24.0
1877,3.0
1878,1.0
1879,3.0
1880,24.0
1881,74.0
1882,24.0
1883,3.0
1884,1.0
1885,3.0
1886,24.0
1887,74.0
1888,24.0
1889,3.0
1890,1.0
1891,3.0
1892,24.0
1893,74.0
1894,24.0
1895,3.0
1896,1.0
1897,3.0
1898,24.0
1899,74.0
1900,24.0
1901,3.0
1902,1.0
1903,3.0
1904,24.0
1905,74.0
1906,24.0
1907,3.0
1908,1.0
1909,3.0
1910,24.0
1911,74.0
1912,24.0
1913,3.0
1914,1.0
1915,3.0
1916,24.0
1917,74.0
1918,24.0
1919,3.0
1920,1.0
1921,3.0
1922,24.0
1923,74.0
1924,24.0
1925,3.0
1926,1.0
1927,3.0
1928,24.0
1929,74.0
1930,24.0
1931,3.0
1932,1.0
1933,3.0
1934,24.0
1935,74.0
1936,24.0
1937,3.0
1938,1.0
1939,3.0
1940,24.0
1941,74.0
1942,24.0
1943,3.0
1944,1.0
1945,3.0
1946,24.0
1947,74.0
1948,24.0
1949,3.0
1950,1.0
1951,3.0
1952,24.0
1953,74.0
1954,24.0
1955,3.0
1956,1.0
1957,3.0
1958,24.0
1959,74.0
1960,24.0
1961,3.0
1962,1.0
1963,3.0
1964,24.0
1965,74.0
1966,24.0
1967,3.0
1968,1.0
1969,3.0
1970,24.0
1971,74.0
1972,24.0
1973,3.0
1974,1.0
1975,3.0
1976,24.0
1977,74.0
1978,24.0
1979,3.0
1980,1.0
1981,3.0
1982,24.0
1983,74.0
1984,24.0
1985,3.0
1986,1.0
1987,3.0
1988,24.0
1989,74.0
1990,24.0
1991,3.0
1992,1.0
1993,3.0
1994,24.0
1995,74.0
1996,24.0
1997,3.0
1998,1.0
1999,3.0
2000,24.0
2001,74.0
2002,24.0
2003,3.0
2004,1.0
2005,3.0
2006,24.0
2007,74.0
2008,24.0
2009,3.0
2010,1.0
2011,3.0
2012,24.0
2013,74.0
2014,24.0
2015,3.0
2016,1.0
2017,3.0
2018,24.0
2019,74.0
2020,24.0
2021,3.0
2022,1.0
2023,3.0
2024,24.0
2025,74.0
2026,24.0
2027,3.0
2028,1.0
2029,3.0
2030,24.0
2031,74.0
2032,24.0
2033,3.0
2034,1.0
2035,3.0
2036,24.0
2037,74.0
2038,24.0
2039,3.0
2040,1.0
2041,3.0
2042,24.0
2043,74.0
2044,24.0
2045,3.0
2046,1.0
2047,3.0
2048,24.0
2049,74.0
2050,24.0
2051,3.0
2052,1.0
2053,3.0
2054,24.0
2055,74.0
2056,24.0
2057,3.0
2058,1.0
2059,3.0
2060,24.0
2061,74.0
2062,24.0
2063,3.0
2064,1.0
2065,3.0
2066,24.0
2067,74.0
2068,24.0
2069,3.0
2070,1.0
2071,3.0
2072,24.0
2073,74.0
2074,24.0
2075,3.0
2076,1.0
2077,3.0
2078,24.0
2079,74.0
2080,24.0
2081,3.0
2082,1.0
2083,3.0
2084,24.0
2085,74.0
2086,24.0
2087,3.0
2088,1.0
2089,3.0
2090,24.0
2091,74.0
2092,24.0
2093,3.0
2094,1.0
2095,3.0
2096,24.0
2097,74.0
2098,24.0
2099,3.0
2100,1.0
2101,3.0
2102,24.0
2103,74.0
2104,24.0
2105,3.0
2106,1.0
2107,3.0
2108,24.0
2109,74.0
2110,24.0
2111,3.0
2112,1.0
2113,3.0
2114,24.0
2115,74.0
2116,24.0
2117,3.0
2118,1.0
2119,3.0
2120,24.0
2121,74.0
2122,24.0
2123,3.0
2124,1.0
2125,3.0
2126,24.0
2127,74.0
2128,24.0
2129,3.0
2130,1.0
2131,3.0
2132,24.0
2133,74.0
2134,24.0
2135,3.0
2136,1.0
2137,3.0
2138,24.0
2139,74.0
2140,24.0
2141,3.0
2142,1.0
2143,3.0
2144,24.0
2145,74.0
2146,24.0
2147,3.0
2148,1.0
2149,3.0
2150,24.0
2151,74.0
2152,24.0
2153,3.0
2154,1.0
2155,3.0
2156,24.0
2157,74.0
2158,24.0
2159,3.0
2160,1.0
2161,3.0
2162,24.0
2163,74.0
2164,24.0
2165,3.0
2166,1.0
2167,3.0
2168,24.0
2169,74.0
2170,24.0
2171,3.0
2172,1.0
2173,3.0
2174,24.0
2175,74.0
2176,24.0
2177,3.0
2178,1.0
2179,3.0
2180,24.0
2181,74.0
2182,24.0
2183,3.0
2184,1.0
2185,3.0
2186,24.0
2187,74.0
2188,24.0
2189,3.0
2190,1.0
2191,3.0
2192,24.0
2193,74.0
2194,24.0
2195,3.0
2196,1.0
2197,3.0
2198,24.0
2199,74.0
2200,24.0
2201,3.0
2202,1.0
2203,3.0
2204,24.0
2205,74.0
2206,24.0
2207,3.0
2208,1.0
2209,3.0
2210,24.0
2211,74.0
2212,24.0
2213,3.0
2214,1.0
2215,3.0
2216,24.0
2217,74.0
2218,24.0
2219,3.0
2220,1.0
2221,3.0
2222,24.0
2223,74.0
2224,24.0
2225,3.0
2226,1.0
2227,3.0
2228,24.0
2229,74.0
2230,24.0
2231,3.0
2232,1.0
2233,3.0
2234,24.0
2235,74.0
2236,24.0
2237,3.0
2238,1.0
2239,3.0
2240,24.0
2241,74.0
2242,24.0
2243,3.0
2244,1.0
2245,3.0
2246,24.0
2247,74.0
2248,24.0
2249,3.0
2250,1.0
2251,3.0
2252,24.0
2253,74.0
2254,24.0
2255,3.0
2256,1.0
2257,3.0
2258,24.0
2259,74.0
2260,24.0
2261,3.0
2262,1.0
2263,3.0
2264,24.0
2265,74.0
2266,24.0
2267,3.0
2268,1.0
2269,3.0
2270,24.0
2271,74.0
2272,24.0
2273,3.0
2274,1.0
2275,3.0
2276,24.0
2277,74.0
2278,24.0
2279,3.0
2280,1.0
2281,3.0
2282,24.0
2283,74.0
2284,24.0
2285,3.0
2286,1.0
2287,3.0
2288,24.0
2289,74.0
2290,24.0
2291,3.0
2292,1.0
2293,3.0
2294,24.0
2295,74.0
2296,24.0
2297,3.0
2298,1.0
2299,3.0
2300,24.0
2301,74.0
2302,24.0
2303,3.0
2304,1.0
2305,3.0
2306,24.0
2307,74.0
2308,24.0
2309,3.0
2310,1.0
2311,3.0
2312,24.0
2313,74.0
2314,24.0
2315,3.0
2316,1.0
2317,3.0
2318,24.0
2319,74.0
2320,24.0
2321,3.0
2322,1.0
2323,3.0
2324,24.0
2325,74.0
2326,24.0
2327,3.0
2328,1.0
2329,3.0
2330,24.0
2331,74.0
2332,24.0
2333,3.0
2334,1.0
2335,3.0
2336,24.0
2337,74.0
2338,24.0
2339,3.0
2340,1.0
2341,3.0
2342,24.0
2343,74.0
2344,24.0
2345,3.0
2346,1.0
2347,3.0
2348,24.0
2349,74.0
2350,24.0
2351,3.0
2352,1.0
2353,3.0
2354,24.0
2355,74.0
2356,24.0
2357,3.0
2358,1.0
2359,3.0
2360,24.0
2361,74.0
2362,24.0
2363,3.0
2364,1.0
2365,3.0
2366,24.0
2367,74.0
2368,24.0
2369,3.0
2370,1.0
2371,3.0
2372,24.0
2373,74.0
2374,24.0
2375,3.0
2376,1.0
2377,3.0
2378,24.0
2379,74.0
2380,24.0
2381,3.0
2382,1.0
2383,3.0
2384,24.0
2385,74.0
2386,24.0
2387,3.0
2388,1.0
2389,3.0
2390,24.0
2391,74.0
2392,24.0
2393,3.0
2394,1.0
2395,3.0
2396,24.0
2397,74.0
2398,24.0
2399,3.0
2400,1.0
2401,3.0
2402,24.0
2403,74.0
2404,24.0
2405,3.0
2406,1.0
2407,3.0
2408,24.0
2409,74.0
2410,24.0
2411,3.0
2412,1.0
2413,3.0
2414,24.0
2415,74.0
2416,24.0
2417,3.0
2418,1.0
2419,3.0
2420,24.0
2421,74.0
2422,24.0
2423,3.0
2424,1.0
2425,3.0
2426,24.0
2427,74.0
2428,24.0
2429,3.0
2430,1.0
2431,3.0
2432,24.0
2433,74.0
2434,24.0
2435,3.0
2436,1.0
2437,3.0
2438,24.0
2439,74.0
2440,24.0
2441,3.0
2442,1.0
2443,3.0
2444,24.0
2445,74.0
2446,24.0
2447,3.0
2448,1.0
2449,3.0
2450,24.0
2451,74.0
2452,24.0
2453,3.0
2454,1.0
2455,3.0
2456,24.0
2457,74.0
2458,24.0
2459,3.0
2460,1.0
2461,3.0
2462,24.0
2463,74.0
2464,24.0
2465,3.0
2466,1.0
2467,3.0
2468,24.0
2469,74.0
2470,24.0
2471,3.0
2472,1.0
2473,3.0
2474,24.0
2475,74.0
2476,24.0
2477,3.0
2478,1.0
2479,3.0
2480,24.0
2481,74.0
2482,24.0
2483,3.0
2484,1.0
2485,3.0
2486,24.0
2487,74.0
2488,24.0
2489,3.0
2490,1.0
2491,3.0
2492,24.0
2493,74.0
2494,24.0
2495,3.0
2496,1.0
2497,3.0
2498,24.0
2499,74.0
2500,24.0
2501,3.0
2502,1.0
2503,3.0
2504,24.0
2505,74.0
2506,24.0
2507,3.0
2508,1.0
2509,3.0
2510,24.0
2511,74.0
2512,24.0
2513,3.0
2514,1.0
2515,3.0
2516,24.0
2517,74.0
2518,24.0
2519,3.0
2520,1.0
2521,3.0
2522,24.0
2523,74.0
2524,24.0
2525,3.0
2526,1.0
2527,3.0
2528,24.0
2529,74.0
2530,24.0
2531,3.0
2532,1.0
2533,3.0
2534,24.0
2535,74.0
2536,24.0
2537,3.0
2538,1.0
2539,3.0
2540,24.0
2541,74.0
2542,24.0
2543,3.0
2544,1.0
2545,3.0
2546,24.0
2547,74.0
2548,24.0
2549,3.0
2550,1.0
2551,3.0
2552,24.0
2553,74.0
2554,24.0
2555,3.0
2556,1.0
2557,3.0
2558,24.0
2559,74.0
2560,24.0
2561,3.0
2562,1.0
2563,3.0
2564,24.0
2565,74.0
2566,24.0
2567,3.0
2568,1.0
2569,3.0
2570,24.0
2571,74.0
2572,24.0
2573,3.0
2574,1.0
2575,3.0
2576,24.0
2577,74.0
2578,24.0
2579,3.0
2580,1.0
2581,3.0
2582,24.0
2583,74.0
2584,24.0
2585,3.0
2586,1.0
2587,3.0
2588,24.0
2589,74.0
2590,24.0
2591,3.0
2592,1.0
2593,3.0
2594,24.0
2595,74.0
2596,24.0
2597,3.0
2598,1.0
2599,3.0
2600,24.0
2601,74.0
2602,24.0
2603,3.0
2604,1.0
2605,3.0
2606,24.0
2607,74.0
2608,24.0
2609,3.0
2610,1.0
2611,3.0
2612,24.0
2613,74.0
2614,24.0
2615,3.0
2616,1.0
2617,3.0
2618,24.0
2619,74.0
2620,24.0
2621,3.0
2622,1.0
2623,3.0
2624,24.0
2625,74.0
2626,24.0
2627,3.0
2628,1.0
2629,3.0
2630,24.0
2631,74.0
2632,24.0
2633,3.0
2634,1.0
2635,3.0
2636,24.0
2637,74.0
2638,24.0
2639,3.0
2640,1.0
2641,3.0
2642,24.0
2643,74.0
2644,24.0
2645,3.0
2646,1.0
2647,3.0
2648,24.0
2649,74.0
2650,24.0
2651,3.0
2652,1.0
2653,3.0
2654,24.0
2655,74.0
2656,24.0
2657,3.0
2658,1.0
2659,3.0
2660,24.0
2661,74.0
2662,24.0
2663,3.0
2664,1.0
2665,3.0
2666,24.0
2667,74.0
2668,24.0
2669,3.0
2670,1.0
2671,3.0
2672,24.0
2673,74.0
2674,24.0
2675,3.0
2676,1.0
2677,3.0
2678,24.0
2679,74.0
2680,24.0
2681,3.0
2682,1.0
2683,3.0
2684,24.0
2685,74.0
2686,24.0
2687,3.0
2688,1.0
2689,3.0
2690,24.0
2691,74.0
2692,24.0
2693,3.0
2694,1.0
2695,3.0
2696,24.0
2697,74.0
2698,24.0
2699,3.0
2700,1.0
2701,3.0
2702,24.0
2703,74.0
2704,24.0
2705,3.0
2706,1.0
2707,3.0
2708,24.0
2709,74.0
2710,24.0
2711,3.0
2712,1.0
2713,3.0
2714,24.0
2715,74.0
2716,24.0
2717,3.0
2718,1.0
2719,3.0
2720,24.0
2721,74.0
2722,24.0
2723,3.0
2724,1.0
2725,3.0
2726,24.0
2727,74.0
2728,24.0
2729,3.0
2730,1.0
2731,3.0
2732,24.0
2733,74.0
2734,24.0
2735,3.0
2736,1.0
2737,3.0
2738,24.0
2739,74.0
2740,24.0
2741,3.0
2742,1.0
2743,3.0
2744,24.0
2745,74.0
2746,24.0
2747,3.0
2748,1.0
2749,3.0
2750,24.0
2751,74.0
2752,24.0
2753,3.0
2754,1.0
2755,3.0
2756,24.0
2757,74.0
2758,24.0
2759,3.0
2760,1.0
2761,3.0
2762,24.0
2763,74.0
2764,24.0
2765,3.0
2766,1.0
2767,3.0
2768,24.0
2769,74.0
2770,24.0
2771,3.0
2772,1.0
2773,3.0
2774,24.0
2775,74.0
2776,24.0
2777,3.0
2778,1.0
2779,3.0
2780,24.0
2781,74.0
2782,24.0
2783,3.0
2784,1.0
2785,3.0
2786,24.0
2787,74.0
2788,24.0
2789,3.0
2790,1.0
2791,3.0
2792,24.0
2793,74.0
2794,24.0
2795,3.0
2796,1.0
2797,3.0
2798,24.0
2799,74.0
2800,24.0
2801,3.0
2802,1.0
2803,3.0
2804,24.0
2805,74.0
2806,24.0
2807,3.0
2808,1.0
2809,3.0
2810,24.0
2811,74.0
2812,24.0
2813,3.0
2814,1.0
2815,3.0
2816,24.0
2817,74.0
2818,24.0
2819,3.0
2820,1.0
2821,3.0
2822,24.0
2823,74.0
2824,24.0
2825,3.0
2826,1.0
2827,3.0
2828,24.0
2829,74.0
2830,24.0
2831,3.0
2832,1.0
2833,3.0
2834,24.0
2835,74.0
2836,24.0
2837,3.0
2838,1.0
2839,3.0
2840,24.0
2841,74.0
2842,24.0
2843,3.0
2844,1.0
2845,3.0
2846,24.0
2847,74.0
2848,24.0
2849,3.0
2850,1.0
2851,3.0
2852,24.0
2853,74.0
2854,24.0
2855,3.0
2856,1.0
2857,3.0
2858,24.0
2859,74.0
2860,24.0
2861,3.0
2862,1.0
2863,3.0
2864,24.0
2865,74.0
2866,24.0
2867,3.0
2868,1.0
2869,3.0
2870,24.0
2871,74.0
2872,24.0
2873,3.0
2874,1.0
2875,3.0
2876,24.0
2877,74.0
2878,24.0
2879,3.0
2880,1.0
2881,3.0
2882,24.0
2883,74.0
2884,24.0
2885,3.0
2886,1.0
2887,3.0
2888,24.0
2889,74.0
2890,24.0
2891,3.0
2892,1.0
2893,3.0
2894,24.0
2895,74.0
2896,24.0
2897,3.0
2898,1.0
2899,3.0
2900,24.0
2901,74.0
2902,24.0
2903,3.0
2904,1.0
2905,3.0
2906,24.0
2907,74.0
2908,24.0
2909,3.0
2910,1.0
2911,3.0
2912,24.0
2913,74.0
2914,24.0
2915,3.0
2916,1.0
2917,3.0
2918,24.0
2919,74.0
2920,24.0
2921,3.0
2922,1.0
2923,3.0
2924,24.0
2925,74.0
2926,24.0
2927,3.0
2928,1.0
2929,3.0
2930,24.0
2931,74.0
2932,24.0
2933,3.0
2934,1.0
2935,3.0
2936,24.0
2937,74.0
2938,24.0
2939,3.0
2940,1.0
2941,3.0
2942,24.0
2943,74.0
2944,24.0
2945,3.0
2946,1.0
2947,3.0
2948,24.0
2949,74.0
2950,24.0
2951,3.0
2952,1.0
2953,3.0
2954,24.0
2955,74.0
2956,24.0
2957,3.0
2958,1.0
2959,3.0
2960,24.0
2961,74.0
2962,24.0
2963,3.0
2964,1.0
2965,3.0
2966,24.0
2967,74.0
2968,24.0
2969,3.0
2970,1.0
2971,3.0
2972,24.0
2973,74.0
2974,24.0
2975,3.0
2976,1.0
2977,3.0
2978,24.0
2979,74.0
2980,24.0
2981,3.0
2982,1.0
2983,3.0
2984,24.0
2985,74.0
2986,24.0
2987,3.0
2988,1.0
2989,3.0
2990,24.0
2991,74.0
2992,24.0
2993,3.0
2994,1.0
2995,3.0
2996,24.0
2997,74.0
2998,24.0
2999,3.0
3000,1.0
3001,3.0
3002,24.0
3003,74.0
3004,24.0
3005,3.0
3006,1.0
3007,3.0
3008,24.0
3009,74.0
3010,24.0
3011,3.0
3012,1.0
3013,3.0
3014,24.0
3015,74.0
3016,24.0
3017,3.0
3018,1.0
3019,3.0
3020,24.0
3021,74.0
3022,24.0
3023,3.0
3024,1.0
3025,3.0
3026,24.0
3027,74.0
3028,24.0
3029,3.0
3030,1.0
3031,3.0
3032,24.0
3033,74.0
3034,24.0
3035,3.0
3036,1.0
3037,3.0
3038,24.0
3039,74.0
3040,24.0
3041,3.0
3042,1.0
3043,3.0
3044,24.0
3045,74.0
3046,24.0
3047,3.0
3048,1.0
3049,3.0
3050,24.0
3051,74.0
3052,24.0
3053,3.0
3054,1.0
3055,3.0
3056,24.0
3057,74.0
3058,24.0
3059,3.0
3060,1.0
3061,3.0
3062,24.0
3063,74.0
3064,24.0
3065,3.0
3066,1.0
3067,3.0
3068,24.0
3069,74.0
3070,24.0
3071,3.0
3072,1.0
3073,3.0
3074,24.0
3075,74.0
3076,24.0
3077,3.0
3078,1.0
3079,3.0
3080,24.0
3081,74.0
3082,24.0
3083,3.0
3084,1.0
3085,3.0
3086,24.0
3087,74.0
3088,24.0
3089,3.0
3090,1.0
3091,3.0
3092,24.0
3093,74.0
3094,24.0
3095,3.0
3096,1.0
3097,3.0
3098,24.0
3099,74.0
3100,24.0
3101,3.0
3102,1.0
3103,3.0
3104,24.0
3105,74.0
3106,24.0
3107,3.0
3108,1.0
3109,3.0
3110,24.0
3111,74.0
3112,24.0
3113,3.0
3114,1.0
3115,3.0
3116,24.0
3117,74.0
3118,24.0
3119,3.0
3120,1.0
3121,3.0
3122,24.0
3123,74.0
3124,24.0
3125,3.0
3126,1.0
3127,3.0
3128,24.0
3129,74.0
3130,24.0
3131,3.0
3132,1.0
3133,3.0
3134,24.0
3135,74.0
3136,24.0
3137,3.0
3138,1.0
3139,3.0
3140,24.0
3141,74.0
3142,24.0
3143,3.0
3144,1.0
3145,3.0
3146,24.0
3147,74.0
3148,24.0
3149,3.0
3150,1.0
3151,3.0
3152,24.0
3153,74.0
3154,24.0
3155,3.0
3156,1.0
3157,3.0
3158,24.0
3159,74.0
3160,24.0
3161,3.0
3162,1.0
3163,3.0
3164,24.0
3165,74.0
3166,24.0
3167,3.0
3168,1.0
3169,3.0
3170,24.0
3171,74.0
3172,24.0
3173,3.0
3174,1.0
3175,3.0
3176,24.0
3177,74.0
3178,24.0
3179,3.0
3180,1.0
3181,3.0
3182,24.0
3183,74.0
3184,24.0
3185,3.0
3186,1.0
3187,3.0
3188,24.0
3189,74.0
3190,24.0
3191,3.0
3192,1.0
3193,3.0
3194,24.0
3195,74.0
3196,24.0
3197,3.0
3198,1.0
3199,3.0
3200,24.0
3201,74.0
3202,24.0
3203,3.0
3204,1.0
3205,3.0
3206,24.0
3207,74.0
3208,24.0
3209,3.0
3210,1.0
3211,3.0
3212,24.0
3213,74.0
3214,24.0
3215,3.0
3216,1.0
3217,3.0
3218,24.0
3219,74.0
3220,24.0
3221,3.0
3222,1.0
3223,3.0
3224,24.0
3225,74.0
3226,24.0
3227,3.0
3228,1.0
3229,3.0
3230,24.0
3231,74.0
3232,24.0
3233,3.0
3234,1.0
3235,3.0
3236,24.0
3237,74.0
3238,24.0
3239,3.0
3240,1.0
3241,3.0
3242,24.0
3243,74.0
3244,24.0
3245,3.0
3246,1.0
3247,3.0
3248,24.0
3249,74.0
3250,24.0
3251,3.0
3252,1.0
3253,3.0
3254,24.0
3255,74.0
3256,24.0
3257,3.0
3258,1.0
3259,3.0
3260,24.0
3261,74.0
3262,24.0
3263,3.0
3264,1.0
3265,3.0
3266,24.0
3267,74.0
3268,24.0
3269,3.0
3270,1.0
3271,3.0
3272,24.0
3273,74.0
3274,24.0
3275,3.0
3276,1.0
3277,3.0
3278,24.0
3279,74.0
3280,24.0
3281,3.0
3282,1.0
3283,3.0
3284,24.0
3285,74.0
3286,24.0
3287,3.0
3288,1.0
3289,3.0
3290,24.0
3291,74.0
3292,24.0
3293,3.0
3294,1.0
3295,3.0
3296,24.0
3297,74.0
3298,24.0
3299,3.0
3300,1.0
3301,3.0
3302,24.0
3303,74.0
3304,24.0
3305,3.0
3306,1.0
3307,3.0
3308,24.0
3309,74.0
3310,24.0
3311,3.0
3312,1.0
3313,3.0
3314,24.0
3315,74.0
3316,24.0
3317,3.0
3318,1.0
3319,3.0
3320,24.0
3321,74.0
3322,24.0
3323,3.0
3324,1.0
3325,3.0
3326,24.0
3327,74.0
3328,24.0
3329,3.0
3330,1.0
3331,3.0
3332,24.0
3333,74.0
3334,24.0
3335,3.0
3336,1.0
3337,3.0
3338,24.0
3339,74.0
3340,24.0
3341,3.0
3342,1.0
3343,3.0
3344,24.0
3345,74.0
3346,24.0
3347,3.0
3348,1.0
3349,3.0
3350,24.0
3351,74.0
3352,24.0
3353,3.0
3354,1.0
3355,3.0
3356,24.0
3357,74.0
3358,24.0
3359,3.0
3360,1.0
3361,3.0
3362,24.0
3363,74.0
3364,24.0
3365,3.0
3366,1.0
3367,3.0
3368,24.0
3369,74.0
3370,24.0
3371,3.0
3372,1.0
3373,3.0
3374,24.0
3375,74.0
3376,24.0
3377,3.0
3378,1.0
3379,3.0
3380,24.0
3381,74.0
3382,24.0
3383,3.0
3384,1.0
3385,3.0
3386,24.0
3387,74.0
3388,24.0
3389,3.0
3390,1.0
3391,3.0
3392,24.0
3393,74.0
3394,24.0
3395,3.0
3396,1.0
3397,3.0
3398,24.0
3399,74.0
3400,24.0
3401,3.0
3402,1.0
3403,3.0
3404,24.0
3405,74.0
3406,24.0
3407,3.0
3408,1.0
3409,3.0
3410,24.0
3411,74.0
3412,24.0
3413,3.0
3414,1.0
3415,3.0
3416,24.0
3417,74.0
3418,24.0
3419,3.0
3420,1.0
3421,3.0
3422,24.0
3423,74.0
3424,24.0
3425,3.0
3426,1.0
3427,3.0
3428,24.0
3429,74.0
3430,18.21
3431,1.0
